c,v,clauses_vars_ratio,vars_clauses_ratio,vcg_var_mean,vcg_var_coeff,vcg_var_min,vcg_var_max,vcg_var_entropy,vcg_clause_mean,vcg_clause_coeff,vcg_clause_min,vcg_clause_max,vcg_clause_entropy,vg_mean,vg_coeff,vg_min,vg_max,pnc_ratio_mean,pnc_ratio_coeff,pnc_ratio_min,pnc_ratio_max,pnc_ratio_entropy,pnv_ratio_mean,pnv_ratio_coeff,pnv_ratio_min,pnv_ratio_max,pnv_ratio_entropy,pnv_ratio_stdev,binary_ratio,ternary_ratio,ternary+,hc_fraction,hc_var_mean,hc_var_coeff,hc_var_min,hc_var_max,hc_var_entropy,unit_props_at_depth_1,unit_props_at_depth_4,unit_props_at_depth_16,unit_props_at_depth_64,unit_props_at_depth_256,mean_depth_to_contradiction_over_vars,estimate_log_number_nodes_over_vars,saps_BestSolution_Mean,saps_BestSolution_CoeffVariance,saps_FirstLocalMinStep_Mean,saps_FirstLocalMinStep_CoeffVariance,saps_FirstLocalMinStep_Median,saps_FirstLocalMinStep_Q.10,saps_FirstLocalMinStep_Q.90,saps_BestAvgImprovement_Mean,saps_BestAvgImprovement_CoeffVariance,saps_FirstLocalMinRatio_Mean,saps_FirstLocalMinRatio_CoeffVariance,saps_EstACL_Mean,gsat_BestSolution_Mean,gsat_BestSolution_CoeffVariance,gsat_FirstLocalMinStep_Mean,gsat_FirstLocalMinStep_CoeffVariance,gsat_FirstLocalMinStep_Median,gsat_FirstLocalMinStep_Q.10,gsat_FirstLocalMinStep_Q.90,gsat_BestAvgImprovement_Mean,gsat_BestAvgImprovement_CoeffVariance,gsat_FirstLocalMinRatio_Mean,gsat_FirstLocalMinRatio_CoeffVariance,gsat_EstACL_Mean,file_name
7992369,199855,39.99083835780941,0.025005727338164693,1.5402783070488433e-05,3.6566595178605326,8.75835437527972e-07,0.006209172774680448,4.832871287287283,1.5402783070488433e-05,1.4774047761987734,1.0007255260063547e-05,0.0008456130694753696,0.9076947125080037,1.875849644811024e-05,3.410539811900402,6.255967410914085e-07,0.006160376228875318,0.21749678554161628,0.9240942157644235,0.0,1.0,0.920864961183222,0.3373401723791392,0.7154556481884646,0.0,0.9617834394904459,4.013492081888023,0.24135193168952546,0.40466962924259375,0.5645069690851361,0.9691765983277298,0.9745866338253402,1.4423548485222952e-05,3.781418346917061,0.0,0.005866345760562356,4.6800642257977465,0.0,0.0,0.0,0.0,0.0,0.1353731455305096,0.1353731455305096,882547.0,0.0,0.0,0.0,0.0,0.0,0.0,355.585858586,0.0,2.790730092,0.0,45614.5838937,854022.0,0.0,0.0,0.0,0.0,0.0,0.0,301.024515393,0.0,2.61747509929,0.0,69616.3847946,/home/bprovan/SATfeatPy/2006_instances/SAT-Race_TS_1/velev-vliw-sat-2.0-04.cnf
22536,4673,4.822597902846137,0.20735711750088748,0.0006874323383273924,0.6535098989446533,0.00026624068157614486,0.004348597799077032,3.016067687300411,0.0006874323383273924,0.811615760169557,0.00042799058420714745,0.0074898352236250805,1.2677031626565054,0.00078398470476816,0.8050619217678401,0.0001774937877174299,0.0051473198438054665,0.4607333817749571,0.7834272559521226,0.0,1.0,1.4888451915448573,0.17412948374300022,0.8237246994272253,0.0,0.6363636363636364,2.8843875125779195,0.14343475665762076,0.3034256301029464,0.5098952786652468,0.8133209087681931,0.5331025914093007,0.000316558442175046,0.7477193857949008,4.437344692935747e-05,0.002529286474973376,2.499757026827271,0.00021399529210357372,0.0019259576289321636,0.0044939011341750485,0.0044939011341750485,0.0044939011341750485,0.14908531471767078,0.34769752763414746,177.811688312,0.247139132001,1220.72077922,0.0226502668954,1218.0,1185.0,1258.0,0.742649594205,0.262580963867,0.848913597729,0.0171441725887,794359.343729,326.81184669,0.0686632448054,1222.78397213,0.0197453343143,1223.0,1192.0,1252.0,0.709282863753,0.175001272818,0.893067712913,0.0097277193162,1780774.10114,/home/bprovan/SATfeatPy/2006_instances/SAT-Race_TS_1/schup-l2s-s04-abp4.cnf
34393,2974,11.564559515803632,0.08647108423225656,0.0010811285690573208,2.406844765415926,0.0002035297880382636,0.044369493792341466,3.7496577585782744,0.0010811285690573208,2.017302548202033,0.0006724949562878278,0.06355077336919973,0.9891768928936451,0.0032489681602880086,0.7896455820114174,0.00017445410403279737,0.03689704300293664,0.38182831596125644,1.1287165669287733,0.0,1.0,1.4374137281923332,0.24894336395574232,0.6574554627880539,0.0,0.8440366972477065,3.7382716412960457,0.1636691745575375,0.7417497746634489,0.17282586572849126,0.9145756403919402,0.9144593376559184,0.0006764251597075311,2.0032365728992794,0.0,0.022446428052219927,3.4601709469959143,0.0,0.0,0.0,0.0,0.0,0.4078681909885676,0.7353160978475313,10.5774647887,3.33982740451,1330.94366197,0.12161407541,1351.0,1309.0,1377.0,3.00408316857,0.191887689127,0.986844267583,0.00752879141975,12815.2172309,101.976190476,0.606133762585,1331.25,0.112469573425,1344.0,1309.0,1384.0,4.72354809972,0.10788497433,0.998656484289,0.0120533351089,12023.7404876,/home/bprovan/SATfeatPy/2006_instances/SAT-Race_TS_1/velev-npe-1.0-02.cnf
64522,8609,7.4947148333139735,0.13342735811041195,0.000461232914551204,1.4488405802554347,0.00010849012739840675,0.010089581848051827,3.190345653964254,0.000461232914551204,0.46757999329748523,0.00023231501916598908,0.0033685677779068416,1.6056399638506178,0.0003571714699830593,1.3257159107973047,7.74929481417191e-05,0.006028951365425746,0.35787264694721416,0.7359164763280456,0.0,1.0,1.7154264903773826,0.19808211815569723,0.7789528853949876,0.0,0.956989247311828,3.0315050662060194,0.15429663748253122,0.12253184960168624,0.4260872260624283,0.5486190756641146,0.5312451566907411,0.00019079521749349593,1.5810642286114256,0.0,0.004370602275192957,2.738209022324244,0.0,0.0,0.00011615750958299454,0.00046463003833197816,0.00046463003833197816,0.05495079899772663,0.1110689566534629,259.952380952,0.729484926655,2334.83333333,0.159409637069,2380.5,2329.0,2461.0,0.957458408574,0.307212297057,0.890288946071,0.0728996823496,2325671.37308,351.509090909,0.448173799012,2345.05454545,0.138775219205,2381.0,2335.0,2454.0,0.593693454641,0.5040542963,0.900137388695,0.0609499605253,8408895.22237,/home/bprovan/SATfeatPy/2006_instances/SAT-Race_TS_1/manol-pipe-c8n.cnf
63162,5106,12.37015276145711,0.08083974541654793,0.0006335805368107399,2.2026899131749897,0.00011082612963490707,0.022165225926981412,3.950113075086048,0.0006335805368107399,1.1113035100712756,0.0003916960438699569,0.009204857030943987,1.149665867417096,0.0008562839420138043,1.5912529310108203,7.916152116779076e-05,0.019853709508881923,0.5461373971384738,0.8220935928889733,0.0,1.0,1.595304053295718,0.34458139842326657,0.6449435324821582,0.0,0.8840579710144928,4.01708979790374,0.2222355443267435,0.7426300623792786,0.09838193850733036,0.841012000886609,0.8232323232323232,0.0003403387279630976,1.808195606452769,3.1664608467116306e-05,0.01019600392641145,3.5933423115778877,0.0,0.0,0.0,0.0,0.0,0.206725119768598,0.6111044967257852,69.475,0.914736333226,1998.225,0.163010137745,2050.5,1991.0,2091.0,2.80377224344,0.285069461136,0.975427023852,0.00991980980319,63203.7325303,298.213114754,0.088073763209,2017.37704918,0.131557224441,2048.0,1997.0,2101.0,4.51993962334,0.0973628370211,0.99365060616,0.00607153123538,66226.255749,/home/bprovan/SATfeatPy/2006_instances/SAT-Race_TS_1/velev-eng-uns-1.0-04a.cnf
3562116,207923,17.13189978982604,0.05837064261803939,1.4793831725328884e-05,9.172074390420264,1.684392086052223e-06,0.011121198748159802,3.8963761415251676,1.4793831725328884e-05,2.977061583673991,9.618945475007574e-06,0.0060358882855672535,0.6879876076241429,0.00012856603818692524,1.0806028988231022,1.684392086052223e-06,0.006624714074443393,0.6854927600597188,0.6389965033018655,0.0,1.0,1.1920670932374526,0.44392350715309653,0.5750821349080698,0.0,0.9918233851185609,3.9611205767251225,0.25529247822948054,0.8795081350523116,0.05041132854741395,0.9299194635997255,0.9365924635806357,9.32686660702967e-06,7.2700927212127535,0.0,0.0056289576195721865,3.7465726097150713,0.0,0.0,0.0,0.0,0.0,0.206360046748075,0.206360046748075,124148.0,0.0,0.0,0.0,0.0,0.0,0.0,123.65127582,0.0,1.17427827418,0.0,214984.642992,108852.0,0.0,0.0,0.0,0.0,0.0,0.0,65.9610089624,0.0,1.1524759909,0.0,300335.675918,/home/bprovan/SATfeatPy/2006_instances/SAT-Race_TS_1/velev-live-sat-1.0-03.cnf
1317234,30665,42.95561715310615,0.02327984245775618,9.927643217810066e-05,4.946005481421284,4.554999339525096e-06,0.01322392224919794,4.894494482676222,9.927643217810066e-05,2.408995326245002,6.522093592043046e-05,0.005804663296918311,0.37468598083409155,0.0001492560813525962,2.9841535649418165,4.554999339525096e-06,0.01046131514977597,0.9028443137644416,0.3127901739085051,0.0,1.0,0.6014318509377485,0.5095642821254992,0.5465630476969191,0.0,1.0,4.247906737253961,0.27850900703600556,0.9500597464080034,0.006563754048255663,0.9566235004562591,0.956419284652537,6.260161943518433e-05,4.425307490924949,0.0,0.007405669759511218,4.645456125901012,0.002543616500896788,0.002543616500896788,0.002543616500896788,0.002543616500896788,0.002543616500896788,0.041741398989075494,0.041741398989075494,6495.0,0.0,0.0,0.0,0.0,0.0,0.0,39.5696342305,0.0,1.02265576492,0.0,59678.2098841,5001.0,0.0,0.0,0.0,0.0,0.0,0.0,37.203792552,0.0,1.01535546945,0.0,71651.3939153,/home/bprovan/SATfeatPy/2006_instances/SAT-Race_TS_1/velev-pipe-uns-1.0-08.cnf
223804,29303,7.637579769989421,0.13093152937391647,0.0001331635976766355,1.4065039151534753,3.1277367696734645e-05,0.0025424031742060016,3.0083680104480943,0.0001331635976766355,0.38866644934831407,6.825239736545746e-05,0.0012626693512609631,1.643206410779491,0.00010942328863251028,1.3212089964693763,2.234097692623903e-05,0.0017202552233204053,0.3743370342633807,0.7169918639957331,0.0,1.0,1.8023221666640081,0.1720600881736213,0.8883106170634786,0.0,0.9658119658119658,2.7759842458187745,0.15284280309750609,0.137468499222534,0.321835177208629,0.459303676431163,0.46983521295419206,4.817121143704707e-05,1.7831656672887388,0.0,0.0012510947078693856,2.596365434630323,3.412619868272873e-05,3.412619868272873e-05,0.0001365047947309149,0.0001365047947309149,0.0001365047947309149,0.03684264409787393,0.066705732242607,879.25,0.236573228433,8096.0,0.00476251440742,8089.0,8057.0,8093.0,0.800395037839,0.271147184432,0.88901547664,0.00905875565922,23640463.4179,1807.11111111,0.91425231658,7142.33333333,0.375025812422,8035.0,0.0,8068.0,0.638210072286,1.38022286326,0.95864980051,0.173987130827,80699740.8118,/home/bprovan/SATfeatPy/2006_instances/SAT-Race_TS_1/manol-pipe-g10idw.cnf
41942,5663,7.406321737594914,0.13501978923275,0.000701442915716214,1.2087021086939758,0.00016689714367459826,0.011158266177101712,3.3623759005584115,0.000701442915716214,0.4316832353940342,0.0003531696980399082,0.0035316969803990818,1.7093111113182955,0.0005706525782309994,1.0963052697733302,0.0001192122454818559,0.00991845882409041,0.36239892358278536,0.7695650931261562,0.0,1.0,1.8599277245458712,0.20925469186202358,0.7403509518537364,0.0,0.9012345679012346,3.197441881822474,0.15492191029990948,0.15600114443755664,0.37282437651995615,0.5288255209575128,0.5349768728243766,0.0002858904579622088,1.3722105231723067,0.0,0.005602975537647227,2.9031494400557722,0.0,0.002119018188239449,0.005650715168638531,0.005650715168638531,0.005650715168638531,0.121369977365033,0.37215973307105116,147.369047619,0.387449415186,1566.80952381,0.0221840575534,1567.0,1518.0,1610.0,0.93979645564,0.27552379068,0.887475346208,0.0170908558466,1126526.8031,241.552380952,0.16172182311,1563.64761905,0.0228273552116,1567.0,1517.0,1603.0,0.695197009752,0.276785477942,0.908472183917,0.0126951386709,4424417.46491,/home/bprovan/SATfeatPy/2006_instances/SAT-Race_TS_1/manol-pipe-f6b.cnf
518020,32773,15.80630396973118,0.06326589706961121,9.519357883336363e-05,3.950425946507087,1.3512991776379291e-05,0.02924790548627466,4.305028871213635,9.519357883336363e-05,1.787296017243819,6.102584444512251e-05,0.002654624233362829,0.7057976959566341,0.00017440336254594084,2.8409440142175018,9.652136983128064e-06,0.030830855951507665,0.7313626850505761,0.5723739676906976,0.0,1.0,1.1308809012674557,0.3184805240050809,0.8047867809944056,0.0,0.9862068965517241,4.035544839435587,0.2563089157234606,0.8799949808887688,0.042990618122852396,0.9229855990116211,0.9118315895139184,5.672339400324277e-05,3.3514530421941173,3.860854793251226e-06,0.014889386510173352,4.013120087509817,0.0008238489000091539,0.0008238489000091539,0.0008238489000091539,0.0008238489000091539,0.0008238489000091539,0.367726482165197,0.3759497147041772,2341.0,0.0,0.0,0.0,0.0,0.0,0.0,9.68095238095,0.0,1.01951695332,0.0,268911.669629,5754.0,1.06201195742,6229.0,1.41421356237,6229.0,0.0,0.0,12.024523802,0.99792263575,1.04165960061,0.0674512414811,445937.219642,/home/bprovan/SATfeatPy/2006_instances/SAT-Race_TS_1/velev-vliw-uns-2.0-02.cnf
30165,6113,4.934565679699002,0.20265208022542683,0.0005365874570282227,0.8430015129729054,3.315100281783524e-05,0.008254599701640974,3.136728339093085,0.0005365874570282227,0.418549498867272,0.0003271716015049894,0.0022902012105349254,1.4933296210925517,0.00051719468979829,0.7722030026196324,3.315100281783524e-05,0.00556936847339632,0.45940758727432024,0.7934862783974977,0.0,1.0,1.6730255598850154,0.1894524645758311,0.832852277259049,0.0,1.0,3.292288128301287,0.15778591655432023,0.30674622907342947,0.3914470412729985,0.698193270346428,0.5481518315929057,0.00022945938675417057,0.8169643544472974,0.0,0.004077573346593735,2.541581050052206,0.0,0.0,0.0,0.0,0.0,0.19880909537052183,0.4721668810420784,60.4285714286,0.430130633663,1605.65714286,0.0180394102034,1610.0,1564.0,1637.0,0.629336322009,0.175612504563,0.850355421562,0.00986216260153,1361325.55898,282.005681818,0.0729566347791,1604.10227273,0.0169922515177,1604.0,1573.0,1638.0,0.627361712745,0.177676319297,0.898855557601,0.0078676465503,6880581.56404,/home/bprovan/SATfeatPy/2006_instances/SAT-Race_TS_1/een-tipb-sr06-tc6b.cnf
103811,14281,7.269168825712485,0.1375673098226585,0.000272756971876029,1.3487079741464658,6.743023379025344e-05,0.007609983527757174,3.175999297382216,0.00027275697187602907,0.37337898902870514,0.00014004621525103285,0.0018906239058889434,1.6342383660909185,0.00021975617541250442,1.2747482678987534,4.816445270732389e-05,0.008120526726454807,0.37054004485406544,0.708342287529587,0.0,1.0,1.7796937640126114,0.18370428575562497,0.8491228062083919,0.0,0.9658119658119658,3.0024886028301045,0.1559874986333246,0.12291568330909056,0.3453583916925952,0.4682740750016858,0.467657570007032,9.949242734164657e-05,1.6338902000220943,0.0,0.0029476645056882218,2.6294498069245327,0.0,0.0,0.0002800924305020657,0.0002800924305020657,0.0002800924305020657,0.03189163535077687,0.054185986625485454,685.75,2.62989090583,3649.8,0.236066864111,3839.0,3708.0,3911.0,1.05336190426,1.58841928502,1.12851542514,0.986799634974,4699705.17892,564.875,0.125906295077,3840.84375,0.0175483931738,3830.5,3765.0,3929.0,0.506783380612,0.414977005645,0.90545337405,0.00939778249984,22811365.868,/home/bprovan/SATfeatPy/2006_instances/SAT-Race_TS_1/manol-pipe-c6id.cnf
1395303,93887,14.861514373661956,0.06728789374064272,3.2676698027894915e-05,8.19674702630081,5.0168314695804426e-06,0.024674210547816496,3.573078112476128,3.2676698027894915e-05,3.986960132082098,2.1302203712974106e-05,0.014506800728535368,0.8151631081096212,0.0004008981081347537,0.7383403413810802,3.583451049700316e-06,0.016713932386012213,0.5223109260804901,0.8801372471779529,0.0,1.0,1.35714634479683,0.38629267185184524,0.5369606717817809,0.0,1.0,3.819206047272003,0.20742397258194584,0.8151111264005022,0.1168527552796776,0.9319638816801799,0.9421652501284667,2.1603988100160517e-05,6.474069739439755,0.0,0.01236863964314561,3.4039787430687634,0.0,0.0,0.0,0.0,0.0,0.42626774739846834,0.42626774739846834,34219.0,0.0,0.0,0.0,0.0,0.0,0.0,20.646127418,0.0,1.12378857653,0.0,76935.2798405,12453.0,0.0,0.0,0.0,0.0,0.0,0.0,8.78254587487,0.0,1.04097459858,0.0,122790.174873,/home/bprovan/SATfeatPy/2006_instances/SAT-Race_TS_1/velev-npe-1.0-03.cnf
1742,289,6.027681660899654,0.16590126291618829,0.010676587782408162,0.6466916262729996,0.003444316877152698,0.04477611940298507,3.177029216449742,0.010676587782408162,0.38468520982019544,0.006920415224913495,0.03806228373702422,1.2076893932758952,0.008422089711146158,0.6383161365734374,0.002296211251435132,0.029850746268656716,0.4146536713700893,0.7734816659452117,0.0,1.0,1.396335952308421,0.13119340387122574,1.166077701961825,0.0,0.6666666666666667,2.8039806348216914,0.1529817028987085,0.26406429391504016,0.5648679678530425,0.8289322617680827,0.5602755453501722,0.004975786492080455,0.6075315836407318,0.001148105625717566,0.015499425947187142,2.576493885765329,0.0,0.0,0.04498269896193772,0.08304498269896193,0.08304498269896193,0.38271184568946476,0.9323957124198274,10.3017594601,0.392174821576,82.9654133526,0.0793894702088,83.0,75.0,91.0,1.53617631586,0.189212080795,0.901074400148,0.03343784696,10161.5195473,16.7263,0.252019201311,82.9162,0.0796239583002,83.0,74.0,91.0,1.62884088151,0.173854357089,0.925240038473,0.0284380564297,21505.595425,/home/bprovan/SATfeatPy/2006_instances/SAT-Race_TS_1/een-tipb-sr06-par1.cnf
11329,1047,10.82043935052531,0.09241768911642687,0.0031214530619030722,1.3944996098643367,0.0006178833083237709,0.07917733250948893,3.866272337736068,0.0031214530619030722,1.1314242555890444,0.0019102196752626551,0.024832855778414518,0.9607245199565335,0.004223930892841802,1.07574306971498,0.0007061523523700238,0.07176273280960367,0.5952555336281816,0.7681634248568946,0.0,1.0,1.4696348907514993,0.2206047066943027,0.8123120082240618,0.0,0.75,3.669304238565965,0.17919985231852917,0.8161355812516551,0.050401624150410454,0.8665372054020655,0.853826463059405,0.00167078883945429,1.178032035693982,0.0,0.035660693794686206,3.451640282871065,0.0,0.0,0.0,0.0,0.0,0.38009126605115146,0.7827202931267149,2.17484662577,3.28221586765,417.018404908,0.0535349490968,418.0,398.0,437.0,3.29963242196,0.117671654044,0.971477701325,0.00682494533041,18813.6244259,51.1672316384,0.147808509043,417.915254237,0.0472305132944,419.0,400.0,436.0,4.63154215669,0.113407749296,0.992020521844,0.00322008666208,23738.571126,/home/bprovan/SATfeatPy/2006_instances/SAT-Race_TS_1/velev-sss-1.0-cl.cnf
52887,7397,7.149790455590104,0.13986423884886645,0.0005283545112120831,1.463804908905679,0.00013235766823605044,0.015485847183617903,3.2397382055648833,0.0005283545112120831,0.4858081698854643,0.00027037988373665,0.0041908881979180745,1.5911381469785546,0.000413455713832021,1.297314513257832,9.454119159717889e-05,0.008622156673662715,0.3575912340323126,0.7279564801462906,0.0,1.0,1.6988260110460174,0.18684026838155712,0.8274881645698773,0.0,0.9574468085106383,3.05727456359919,0.15460811075079797,0.12772514984778868,0.4296897158091781,0.5574148656569667,0.5217539281865109,0.00021585606011172568,1.5993978938096716,0.0,0.007336396467941082,2.7705350433046156,0.0,0.0,0.04745166959578207,0.04745166959578207,0.04745166959578207,0.07634369145792695,0.17050056037284608,194.95,0.388684624822,2012.55,0.016799707176,2007.5,1977.0,2059.0,0.828455827691,0.263306997135,0.873048079736,0.0172880697765,1582756.96712,300.451219512,0.0945381998558,2021.70731707,0.0222351960697,2029.0,1956.0,2075.0,0.568406196546,0.220712698029,0.892142265166,0.00872374724223,5903300.38524,/home/bprovan/SATfeatPy/2006_instances/SAT-Race_TS_1/manol-pipe-c10b.cnf
998048,30712,32.49700442823652,0.030772067074930264,9.844049525804874e-05,1.180184730771246,7.0136907242938214e-06,0.0021732421687133286,5.002179199340366,9.844049525804874e-05,1.7139442488706422,6.512112529304507e-05,0.0045584787705131545,0.8853801812242266,0.00018118716262406786,1.8786576501294818,1.0019558177562602e-05,0.010653796210202316,0.5888625299363842,0.6167951326577893,0.0,1.0,1.088524205721675,0.38558320543831254,0.7704743248225612,0.0,0.9393939393939394,3.973262167189986,0.29708195987300273,0.49724562345698803,0.4771043076084517,0.9743499310654398,0.9764119561383822,7.937025373607427e-05,1.2442424363943945,2.0039116355125205e-06,0.0011963352464009747,4.809136718017306,0.0,0.0,0.0,0.0,0.0,0.3360901276374056,0.3360901276374056,1530.0,0.0,0.0,0.0,0.0,0.0,0.0,13.4311386066,0.0,1.00838962976,0.0,37354161.7925,2249.5,1.3614045207,7216.5,1.41421356237,7216.5,0.0,0.0,14.1440593413,0.279378528187,1.01101480458,0.018411463882,44234904.041,/home/bprovan/SATfeatPy/2006_instances/SAT-Race_TS_1/velev-fvp-sat-3.0-07.cnf
51335,7183,7.146735347347905,0.13992402844063503,0.0005485338754435197,1.0724358699229222,0.00013635920911658712,0.005649167234830038,3.3628480706056374,0.0005485338754435197,0.40232960715578914,0.00027843519420854795,0.0023666991507726577,1.7120080739994044,0.0004399042841391698,1.0282758755200674,9.739943508327652e-05,0.005512808025713451,0.3699351343661784,0.7450934242862333,0.0,1.0,1.8444033389247048,0.193634251031299,0.8524441465283329,0.0,0.9420289855072463,3.1600648120810475,0.16506238385902863,0.14631343138209799,0.32252848933476186,0.4688419207168598,0.4706730300964254,0.00019534125877901734,1.2555697054234531,0.0,0.002123307684815428,2.8367505200034757,0.00013921759710427398,0.00013921759710427398,0.00013921759710427398,0.00013921759710427398,0.00013921759710427398,0.06769455659195323,0.22817764165390506,184.911764706,2.27041953439,1841.29411765,0.124073117189,1871.5,1823.0,1901.0,0.810744697681,0.864715084033,0.914811667078,0.313328317284,1499297.71534,284.96875,0.079086562236,1872.92708333,0.0193710463258,1870.5,1823.0,1913.0,0.536562790526,0.178924968479,0.908980525523,0.00664465700755,6934214.97691,/home/bprovan/SATfeatPy/2006_instances/SAT-Race_TS_1/manol-pipe-g6bid.cnf
17225,2549,6.757551981169086,0.14798258345428156,0.0015575133764286744,1.1548611122828203,0.00040638606676342525,0.018113207547169812,3.5792857827403233,0.0015575133764286744,0.5995371345473208,0.0007846214201647705,0.012161632012553943,1.7109814082587163,0.0012649600486488056,1.0089574280575464,0.00029027576197387516,0.010972423802612482,0.3711219906447655,0.7520827364698978,0.0,1.0,1.8292376527224052,0.20263724457818874,0.857265735598738,0.0,0.9302325581395349,3.394147689472982,0.17371396653302235,0.15883889695210449,0.40638606676342526,0.5652249637155298,0.5415384615384615,0.0006336643585435195,1.1837914506001,0.0,0.008708272859216255,2.940671890203929,0.0,0.05374656728128678,0.05374656728128678,0.06826206355433503,0.06826206355433503,0.11402188742439237,0.3275535154215544,58.974522293,0.31075494521,702.095541401,0.0315972996906,702.0,673.0,731.0,0.923037524773,0.219357788924,0.880235940982,0.0151310422734,256427.226793,113.479115479,0.0897473782397,704.014742015,0.0297578575486,704.0,675.0,730.0,0.798038526998,0.158690366253,0.908748914725,0.0113196928934,841313.313194,/home/bprovan/SATfeatPy/2006_instances/SAT-Race_TS_1/manol-pipe-c8_i.cnf
145557,19907,7.311850102978852,0.13676429165206758,0.00019496320275839122,1.5137416331402795,4.8091125813255285e-05,0.008443427660641536,3.0905563132939204,0.0001949632027583912,0.3766647638394937,0.00010046717235143416,0.001858642688501532,1.6173369536921802,0.00015779041110866747,1.4112017490259725,3.435080415232521e-05,0.006980083403752482,0.3686924375733424,0.7061388138067413,0.0,1.0,1.75600342145431,0.1770425753558753,0.8598714043139131,0.0,0.968,2.941063387605082,0.15223384789460828,0.12336060787183029,0.34881867584520154,0.47217928371703183,0.4629389174000563,7.039852802150361e-05,1.810417274985446,0.0,0.0042320190715664655,2.602012795506435,0.0,0.0,0.0,0.0,0.0,0.038328226252072134,0.07430515120700971,616.8,0.848522610486,4851.1,0.351949149938,5349.5,0.0,5491.0,0.887982462002,0.536867553448,0.909968622902,0.103125391099,10488569.2317,810.0,0.149925043508,5402.70588235,0.0152842489323,5396.0,5321.0,5486.0,0.526031758567,0.434062168249,0.905434140352,0.00950120728389,38920958.8566,/home/bprovan/SATfeatPy/2006_instances/SAT-Race_TS_1/manol-pipe-c7idw.cnf
3193437,624037,5.117384065367919,0.19541234099811583,5.618005146388493e-06,21.040960200270145,2.1919956460703626e-06,0.012715140458383867,1.5685222512242805,5.618005146388493e-06,1.3183431871407016,3.20493816873038e-06,0.0007691851604952911,1.2828726171320033,1.1961387364554488e-05,5.781211378557533,1.5657111757645445e-06,0.008857854405770334,0.46467385548912693,0.8574876777607914,0.0,1.0,1.6333404310467192,0.3422837464391272,0.4764081059202432,0.0,0.999535135972728,2.044186621903803,0.16306675132834936,0.4582485892159451,0.31820386624192054,0.7764524554578656,0.5406347455734997,2.1575701073596286e-06,12.504841923315004,0.0,0.0038497706389698625,2.015101300197907,0.06852157804745553,0.06852157804745553,0.06852157804745553,0.06852157804745553,0.06852157804745553,0.6226345553228414,0.6226345553228414,416048.0,0.0,0.0,0.0,0.0,0.0,0.0,51.7787561915,0.0,5.42218490253,0.0,64229.5985793,183621.0,0.0,0.0,0.0,0.0,0.0,0.0,4.40345692402,0.0,1.56529904163,0.0,27603239.6005,/home/bprovan/SATfeatPy/2006_instances/SAT-Race_TS_1/narai-vpn-10s.cnf
67872,576,117.83333333333333,0.008486562942008486,0.004554529113625649,0.005770797851087143,0.00442008486562942,0.0045674210278170676,0.7667734758758185,0.004554529113625648,0.2856341006305384,0.003472222222222222,0.041666666666666664,0.6748748664355939,0.002479237879145057,0.08598032709812901,0.0013407590759075907,0.0025783828382838284,0.5000663012729845,0.7709937245794535,0.0,1.0,1.0494476191975692,0.5228541513970119,0.004035507065360188,0.5163398692810457,0.5333333333333334,0.3613969351245163,0.002109981622115547,0.39144271570014144,0.6078500707213579,0.9992927864214993,0.5967851249410655,0.002598743877363927,0.23637642271401474,0.001605964167845356,0.003477133427628477,4.1409506741558975,0.003472222222222222,0.1857638888888889,0.1857638888888889,0.1857638888888889,0.1857638888888889,0.7578125,0.9034983386956669,16.2068965517,0.150742703002,272.833333333,0.0452661686769,272.0,257.0,288.0,37.8898806471,0.092972691691,0.999401531253,0.000300024144401,353104.043322,39.8701923077,10.8417497137,272.641826923,0.0685310105357,274.0,256.0,290.0,40.2928899116,0.0812338380177,1.01226181869,0.255803807549,367858.453563,/home/bprovan/SATfeatPy/2006_instances/SAT-Race_TS_1/grieu-vmpc-s05-24s.cnf
998052,30713,32.49607657994986,0.030772945698220134,9.843921180352335e-05,1.1801773756819371,7.013662614773579e-06,0.002173233458777699,5.004009958454445,9.843921180352337e-05,1.714026508075912,6.511900498160389e-05,0.004558330348712272,0.8853922443951711,0.00018118914960640206,1.8785910048040397,1.0019518021105112e-05,0.010653753511841066,0.5888631075023887,0.6167957828929198,0.0,1.0,1.0885415652872785,0.3855041971952082,0.7704226619144708,0.0,0.9393939393939394,3.9731955696380283,0.2970011697823334,0.4972476383996024,0.4771003915627643,0.9743480299623667,0.9764120506747144,7.936767762030416e-05,1.244267204886644,2.0039036042210226e-06,0.0011963304517199505,4.808785102481354,0.0,0.0,0.0,0.0,0.0,0.12997753394328135,0.15706704001562857,3502.0,1.41380973212,7234.0,1.41421356237,7234.0,0.0,0.0,14.9578949276,0.481136939339,1.01800621398,0.0293176885519,44245003.8997,1161.0,0.0,0.0,0.0,0.0,0.0,0.0,13.2887273764,0.0,1.00622540135,0.0,54848371.432,/home/bprovan/SATfeatPy/2006_instances/SAT-Race_TS_1/velev-fvp-sat-3.0-12.cnf
2584548,156911,16.47142647742988,0.06071119592284609,1.958641671454568e-05,8.147321049652637,2.3214890959657163e-06,0.01278250587723656,3.871004217078761,1.958641671454568e-05,2.7965943100315807,1.2746078987451485e-05,0.007749616024370503,0.728792978493689,0.0001562746193886448,1.1306282161079344,2.3214890959657163e-06,0.008834813669546861,0.670104127284498,0.6586738485784188,0.0,1.0,1.2330651511033188,0.4235158839663418,0.6304253642315248,0.0,0.9918233851185609,3.9390953699883013,0.2669951554073173,0.867373714862328,0.05829181737000048,0.9256655322323284,0.934249625079511,1.2405373672677847e-05,6.444980997824662,0.0,0.006477728407443003,3.710184542147411,0.0,0.0,0.0,0.0,0.0,0.1940399334654677,0.1940399334654677,85612.0,0.0,0.0,0.0,0.0,0.0,0.0,79.6896990925,0.0,1.17104235302,0.0,195245.406461,73027.0,0.0,0.0,0.0,0.0,0.0,0.0,44.1588610963,0.0,1.14668562832,0.0,224659.647145,/home/bprovan/SATfeatPy/2006_instances/SAT-Race_TS_1/velev-live-sat-1.0-01.cnf
514785,17101,30.10262557745161,0.03321969365851763,0.00019199557546026983,2.6265772540687493,1.3597909807006809e-05,0.01183406664918364,4.718193780765731,0.00019199557546026986,2.136398040313552,0.00011695222501608094,0.00888836910122215,0.646442397731088,0.0003128799451786601,1.7735012499388783,1.5540468350864923e-05,0.008036364695941024,0.8327130598902105,0.41866522773069553,0.0,1.0,0.9111608189500084,0.4313735196307722,0.7178299669330034,0.0,0.9552238805970149,3.9963870026868773,0.3096528393323305,0.8955253163942228,0.020548384276931148,0.916073700671154,0.9142593509911905,0.00010808751966527434,2.0275316650810207,0.0,0.0027623182493662405,4.554866388215001,0.003976375650546752,0.003976375650546752,0.003976375650546752,0.003976375650546752,0.003976375650546752,0.30384188059177825,0.30384188059177825,1948.33333333,1.1549194531,4607.66666667,0.866031937181,6896.0,0.0,6896.0,18.286933086,0.541174492409,1.00976664469,0.0266960921318,3698444.18709,1474.33333333,0.424781941661,4603.33333333,0.866043821536,6879.0,0.0,6879.0,12.737458539,0.489402482486,1.00477203256,0.0117696816117,3063719.15703,/home/bprovan/SATfeatPy/2006_instances/SAT-Race_TS_1/velev-pipe-uns-1.1-07.cnf
257392,32398,7.944687943700228,0.1258702679181948,0.00012276936285007437,1.990893039566799,2.719587244358799e-05,0.012626655063094424,2.8563911590874422,0.00012276936285007437,0.37890680348085326,6.173220569170936e-05,0.0009259830853756405,1.6807183745382503,9.856785926045616e-05,1.7676229581469711,1.942562317399142e-05,0.007230216945359607,0.37156867853725517,0.6889466061926951,0.0,1.0,1.845034249765615,0.1790579884619083,0.8277666112057493,0.0,0.9699248120300752,2.7925741840587657,0.14821822431843198,0.11437029899919189,0.35086949089326785,0.46523978989245973,0.4647114129421272,4.415848633076782e-05,2.392435233946688,0.0,0.006239510163486044,2.458251138518413,0.0,0.0,0.0,0.0,0.0,0.01370454966355948,0.023766899191308106,4522.25,1.5999527958,6630.5,0.666854254113,8771.0,0.0,8815.0,2.39802405696,1.24210473775,1.34308809138,0.683648379053,22639138.4233,1948.71428571,0.945159854817,7661.28571429,0.441210637808,8889.0,0.0,9084.0,0.776448173596,1.1643255154,0.963790339154,0.173457546764,62332949.2951,/home/bprovan/SATfeatPy/2006_instances/SAT-Race_TS_1/manol-pipe-c10ni_s.cnf
116772,14956,7.807702594276544,0.12807864899119653,0.00023144140635295932,1.0664357676943952,5.994587743637173e-05,0.002217997465145754,3.8198696022364773,0.00023144140635295932,0.8854625225287887,0.0001337255950788981,0.002674511901577962,1.3950308949169514,0.000249401922319286,0.8711725552796816,3.425478710649813e-05,0.0022522522522522522,0.39467434545760793,1.069009792756707,0.0,1.0,1.8212454883144704,0.19295149904120087,0.8673817442174924,0.0,0.7894736842105263,3.560247053825404,0.16736260778773662,0.6714965916486829,0.07008529441989518,0.7415818860685781,0.6987805295790087,0.00011789054330318591,1.0740426210459781,8.563696776624533e-06,0.0011304079745144385,3.301432323878508,0.00561647499331372,0.1198181331906927,0.1198181331906927,0.1198181331906927,0.1198181331906927,0.13832002445268024,0.852981588999595,1187.78947368,3.26540518607,5211.0,0.242315554169,5484.0,5421.0,5562.0,2.87566481123,2.0274639864,1.16728133159,0.799543174989,6794356.65305,1047.95555556,2.89330314715,5389.42222222,0.152881866948,5506.0,5421.0,5592.0,1.50283557566,0.213204978415,0.945204550535,0.152470119341,8896056.02601,/home/bprovan/SATfeatPy/2006_instances/SAT-Race_TS_1/stric-bmc-ibm-10.cnf
8714597,105416,82.6686366395993,0.012096485930445206,2.691878930791712e-05,7.024137248609323,8.032499953813125e-07,0.006463752712833422,5.455595404142311,2.691878930791712e-05,3.088086992171075,1.897245199969644e-05,0.003225316839948395,0.39394056011343553,3.873708567503819e-05,4.37218577804575,8.032499953813125e-07,0.005327498219366885,0.9183949347601308,0.2672246465234723,0.0,1.0,0.5265180768726646,0.589189269307347,0.47177067638522435,0.0,0.9852579852579852,4.253982516782275,0.27796222010004323,0.9262555686740305,0.04996019896272886,0.9762157676367593,0.9761399178871955,1.899448958162558e-05,6.695941605384592,0.0,0.004273863725425283,5.13114820706473,0.0,0.0,0.0,0.0,0.0,0.057870721712074066,0.09182666767853077,118952.0,0.0,0.0,0.0,0.0,0.0,0.0,922.152364273,0.0,1.05647717496,0.0,112023.086947,57888.0,0.0,0.0,0.0,0.0,0.0,0.0,394.325045853,0.0,1.02991700574,0.0,114652.57086,/home/bprovan/SATfeatPy/2006_instances/SAT-Race_TS_1/velev-pipe-1.0-08.cnf
29341,4123,7.116420082464225,0.14052009133976348,0.0009527171708139728,1.192205808822751,0.00023857400906581233,0.012712586483078287,3.3804776433203614,0.0009527171708139728,0.4248351895525056,0.00048508367693427115,0.0041232112539413045,1.6942145854648052,0.0007671798147458477,1.0730549938797733,0.00017041000647558023,0.008929484339320405,0.3589752298675969,0.7762017982456628,0.0,1.0,1.8284010772722854,0.19452147495192595,0.7709300566671952,0.0,0.9365079365079365,3.252864832208245,0.14996245170767467,0.16011724208445519,0.3754814082682935,0.5355986503527487,0.521011553798439,0.00037777869056223587,1.2805157793979987,0.0,0.004839644183906479,2.93976348217333,0.0,0.0,0.0,0.010186757215619695,0.010186757215619695,0.11100020522770947,0.23364044634534537,97.0992907801,0.527956526629,1107.27659574,0.0887635626304,1114.0,1082.0,1152.0,0.916439836263,0.233152832738,0.886293794018,0.0377855912869,673455.58574,160.572164948,0.0883234436808,1117.31958763,0.0256740302237,1118.0,1077.0,1152.0,0.666470814024,0.169677818639,0.905532579788,0.00871670466487,2303459.58127,/home/bprovan/SATfeatPy/2006_instances/SAT-Race_TS_1/manol-pipe-g7n.cnf
60467,17130,3.529889083479276,0.2832950204243637,0.00016371118698227865,0.10315392910027599,4.961383895347876e-05,0.0002480691947673938,1.295724140250718,0.00016371118698227865,0.9263066908506883,0.00011675423234092235,0.025160537069468768,0.7012481863718855,0.0002716046329072635,4.09629694257668,4.961383895347876e-05,0.008616270031587478,0.4963106925263695,0.7167579908249679,0.0,1.0,1.040223465820835,0.05515539497150707,1.1666985602535513,0.0,1.0,1.0349783761713938,0.06434971990347327,0.25050027287611426,0.7160103858302876,0.9665106587064018,0.5544842641440786,8.675615481684196e-05,0.2645909188841114,1.6537946317826253e-05,0.0001653794631782625,1.7173211392347711,0.0,0.0,0.01926444833625219,0.024518388791593695,0.024518388791593695,0.060929788250278616,0.09541976464573045,197.888888889,0.965526837325,3349.22222222,0.0109955514845,3340.0,3290.0,3394.0,0.22961453372,0.440352880864,0.733201844644,0.0189767922054,15200025.5944,752.789473684,0.422968687145,3346.05263158,0.0144673552013,3348.0,3272.0,3397.0,0.221599196046,1.38032555553,0.782091485,0.0447466826529,43849144.0864,/home/bprovan/SATfeatPy/2006_instances/SAT-Race_TS_1/simon-mixed-s02bis-03.cnf
8005366,200536,39.919844815893406,0.025050197579973232,1.5353030733508122e-05,3.683794129125975,8.744134871534917e-07,0.00623044592839353,4.8316666756620545,1.5353030733508122e-05,1.4781181131580239,9.97327163202617e-06,0.0008427414529062114,0.908445844675261,1.8708111415785395e-05,3.4326970693664953,6.245810622524941e-07,0.0061761073759775634,0.21727952838532794,0.9256722179679275,0.0,1.0,0.9215352929734518,0.3367665044753044,0.7163023049435162,0.0,0.9617834394904459,4.0140650307713965,0.24122662338343148,0.4054449228180198,0.5636601749376605,0.9691050977556803,0.9745937912145428,1.4374046574510595e-05,3.8094903225799364,0.0,0.005884303103693198,4.677395316963574,0.0,0.0,0.0,0.0,0.0,0.08720130051462081,0.08720130051462081,893519.0,0.0,0.0,0.0,0.0,0.0,0.0,375.347045625,0.0,2.78048936013,0.0,34394.0397133,854453.0,0.0,0.0,0.0,0.0,0.0,0.0,328.162014563,0.0,2.57994752326,0.0,59283.9392675,/home/bprovan/SATfeatPy/2006_instances/SAT-Race_TS_1/velev-vliw-sat-2.0-02.cnf
39647,5661,7.0035329447094155,0.14278507831613993,0.0006853584811415609,1.3231995738806586,0.00017655812545715944,0.014729992180997301,3.3463201343425544,0.000685358481141561,0.48088326375626805,0.0003532944709415298,0.0047694753577106515,1.6068632215171013,0.0005433483079592346,1.1889640400375812,0.00012611294675511387,0.008222564128433425,0.35855960284776967,0.7262356389498069,0.0,1.0,1.7196184874768223,0.18915269269775248,0.8489954509584067,0.0,0.956989247311828,3.1236544187568294,0.16058977563692528,0.1282316442605998,0.4282543445910157,0.5564859888516155,0.5200393472393876,0.0002792440496354004,1.4276901871489796,0.0,0.006583095820616945,2.8838816605266815,0.0,0.0,0.005829358770535241,0.005829358770535241,0.005829358770535241,0.08047543341660988,0.26225184288592496,154.564705882,0.450773250887,1507.28235294,0.111632625028,1528.0,1480.0,1556.0,0.874431447016,0.24932334424,0.879169068638,0.043959489572,999491.299849,256.844827586,0.915228636167,1509.43965517,0.0962991045006,1521.0,1485.0,1555.0,0.632625582375,0.743532399133,0.912895033235,0.218882549951,3448772.6953,/home/bprovan/SATfeatPy/2006_instances/SAT-Race_TS_1/manol-pipe-c8b_i.cnf
188188,24288,7.7481884057971016,0.12906242693476735,0.00016236054718415328,1.4161087746598597,3.7196845707484004e-05,0.004017259336408272,2.9901817122827996,0.00016236054718415328,0.3819712383634796,8.234519104084322e-05,0.0011116600790513835,1.6462453177119256,0.0001312483139600287,1.3526508525464083,2.656917550534572e-05,0.004150105213935001,0.37391561729157924,0.718249250502983,0.0,1.0,1.7940355653309008,0.18050035799415934,0.8561466964928388,0.0,0.9699248120300752,2.8466691886764024,0.1545347852124743,0.12796246306884604,0.3198025378876443,0.4477650009564903,0.46285097880842563,5.777701750496301e-05,1.7571167074144558,0.0,0.001774820923757094,2.5457844893203894,0.0,0.0,8.234519104084322e-05,8.234519104084322e-05,8.234519104084322e-05,0.016338658322353972,0.03521965734104409,2891.28571429,2.07127706619,5686.71428571,0.441474036447,6646.0,0.0,6734.0,2.43777218101,1.83213211615,2.45077039041,1.68868586847,12606175.2391,1030.81818182,0.2565073961,6689.18181818,0.0127686363457,6717.0,6558.0,6751.0,0.545935992407,0.747525172325,0.909253721747,0.0172886955262,53382267.3734,/home/bprovan/SATfeatPy/2006_instances/SAT-Race_TS_1/manol-pipe-c6nid_s.cnf
166084,28777,5.771414671438996,0.17326774403313985,0.00018595998161332104,4.170608583520396,6.021049589364418e-06,0.022169504588039787,1.08246872433387,0.00018595998161332104,0.5456186841611089,6.94999478750391e-05,0.00031274976543767594,0.7569697274183713,0.00013615267599777353,4.0410069431156845,1.2042099178728836e-05,0.016666265263360708,0.4745917728378411,0.6300724156315464,0.0,1.0,1.2733998327016967,0.6240783623727717,0.341623204225701,0.0,1.0,0.68372587373891,0.21319964984171444,0.002607114472194793,0.5949700151730449,0.5975771296452398,0.15820307796055008,1.6688708251273056e-05,5.309591674053648,0.0,0.0028058091086438186,0.5595770900657341,0.0,0.0,0.0,0.0,0.0,0.028825103381172463,0.04103971922021059,3688.0,0.0,0.0,0.0,0.0,0.0,0.0,1.25404416936,0.0,1.4136848009,0.0,5761860.78535,2580.0,0.0,0.0,0.0,0.0,0.0,0.0,1.22554646477,0.0,1.25707453169,0.0,7443699.79084,/home/bprovan/SATfeatPy/2006_instances/SAT-Race_TS_1/vange-color-inc-54.cnf
8734216,105928,82.45427082546635,0.01212793455073701,2.6855123042424397e-05,6.996725135117099,8.014457164787315e-07,0.006484039323048571,5.399320767583619,2.6855123042424397e-05,3.09128176937339,1.8880749188127784e-05,0.0032002869873876596,0.3943365707670175,3.867811078814768e-05,4.383439341264857,8.014457164787315e-07,0.005357550122415108,0.9183990516491293,0.26718674919787727,0.0,1.0,0.5286978967028474,0.5808072994382939,0.4751486412867631,0.0,0.9851851851851852,4.245458688582122,0.2759697991775395,0.9262116943295197,0.049821186011429076,0.9760328803409487,0.975955483583186,1.889787308965412e-05,6.721876984804938,0.0,0.004305366388923745,5.130908987931773,0.0,0.0,0.0,0.0,0.0,0.001047881579941092,0.001047881579941092,118743.0,0.0,0.0,0.0,0.0,0.0,0.0,836.680345572,0.0,1.0613052199,0.0,99632.0877121,74966.0,0.0,0.0,0.0,0.0,0.0,0.0,498.819474249,0.0,1.04031299221,0.0,96475.6076585,/home/bprovan/SATfeatPy/2006_instances/SAT-Race_TS_1/velev-pipe-1.0-09.cnf
146522,6662,21.99369558691084,0.04546757483517833,0.0005010963892903873,2.104877892632125,4.7774395653894976e-05,0.01999699703798747,4.531705174309648,0.0005010963892903873,1.7931807558863073,0.0003002101471029721,0.013959771840288201,0.7602080769670029,0.0007995311573208328,1.4502604197595448,8.189896397810568e-05,0.014530241192448915,0.7830112508537096,0.4922682001200739,0.0,1.0,1.0812027682930432,0.37286015855607113,0.7465284178616638,0.0,0.9148936170212766,3.960092033457822,0.2783507042505129,0.8738824203873821,0.02564120063881192,0.899523621026194,0.8985817829404458,0.00027378332739443593,1.6179983550699364,0.0,0.004511267932460654,4.307824524972262,0.00720504353047133,0.00720504353047133,0.00720504353047133,0.00720504353047133,0.00720504353047133,0.223131191834284,0.48280021577593496,98.8571428571,3.67762294935,2510.71428571,0.288228215666,2716.5,2626.0,2732.0,6.8822757442,0.415253658176,0.987913556525,0.0162435943953,520976.027725,456.3,0.133040664137,2578.25,0.235728597945,2707.5,2653.0,2753.0,9.84635687826,0.109221036073,0.998589618376,0.0054558483626,767930.622669,/home/bprovan/SATfeatPy/2006_instances/SAT-Race_TS_1/velev-pipe-uns-1.1-05.cnf
14244,2114,6.7379375591296125,0.14841336703173266,0.0015123631201784708,1.5519653536554978,0.0005616399887672002,0.016006739679865205,2.6774080698057396,0.0015123631201784708,1.0211331194670277,0.000946073793755913,0.011352885525070956,0.944483625752562,0.002188509653486193,0.5486539730447894,0.0013338949733221006,0.009898904802021904,0.4665181469078956,0.99228310540355,0.0,1.0,1.3863364561486597,0.13860330642045646,0.8878887822298487,0.0,0.7272727272727273,2.4481094750655865,0.12306432095068966,0.7751333894973322,0.04830103903397922,0.8234344285313114,0.6226481325470373,0.0006306826529492609,1.6283469958958383,7.020499859590003e-05,0.007160909856781803,2.21872238090456,0.08751182592242195,0.08751182592242195,0.554399243140965,0.5955534531693472,0.5955534531693472,0.51504848628193,0.8282877730262442,36.1996805112,0.653464083716,913.565495208,0.046904161336,915.0,885.0,943.0,2.08466862904,0.147791583898,0.98019911117,0.0123039672726,440562.926412,65.9749303621,1.05287750248,914.099350046,0.0391531518476,915.0,885.0,943.0,2.47985430149,0.150197725967,0.994090945344,0.151987374131,509002.542241,/home/bprovan/SATfeatPy/2006_instances/SAT-Race_TS_1/simon-mixed-s02bis-01.cnf
34168,5583,6.120007164606842,0.16339850152189184,0.0006123717461355514,1.9635392629984099,0.0002926715055022243,0.027511121517209084,2.118438862932762,0.0006123717461355515,0.8697743777995067,0.0003582303421099767,0.03277807630306287,1.055604120032751,0.0005005767877558194,1.98557476393075,0.00017560290330133457,0.00962889253102318,0.4951066603718303,0.7307517420901638,0.0,1.0,1.2660587487632153,0.17570990485566879,0.627006759176442,0.0,0.6666666666666667,2.1219744656617685,0.11017129799875386,0.22594240224771717,0.4726059470849918,0.6985483493327089,0.25014633575275114,0.00014788744119153234,1.8954612028127358,2.926715055022243e-05,0.0067899789276516034,1.6080609679890991,0.0021493820526598604,0.03653949489521763,0.03725595557943758,0.03725595557943758,0.03725595557943758,0.1109699900672496,0.22506547884316006,50.4259259259,3.45105234927,1546.87037037,0.140029149964,1573.5,1531.0,1614.0,0.817454600783,0.393750320679,0.858364101437,0.0958140114417,960183.389277,235.651515152,1.60068057046,1554.65151515,0.126751558086,1576.5,1536.0,1622.0,0.714880637314,0.943426777997,0.928299506735,0.415396228662,1545888.82942,/home/bprovan/SATfeatPy/2006_instances/SAT-Race_TS_1/goldb-heqc-rotmul.cnf
14230,2106,6.756885090218423,0.14799718903724526,0.001530546529375295,1.5384640934098461,0.0005621925509487,0.016163035839775124,2.7096473211566776,0.001530546529375295,1.021548707280628,0.000949667616334283,0.011396011396011397,0.959332962322403,0.002189374267144237,0.5503986368998869,0.0012649332396345748,0.009978917779339423,0.4567580340267104,1.013458857958514,0.0,1.0,1.3838653615967857,0.13500642522111003,0.895394580393897,0.0,0.7037037037037037,2.4912647130200427,0.12088402146133584,0.7723120168657766,0.04834855938158819,0.8206605762473648,0.6218552354181307,0.0006308315631342102,1.5994966606763854,7.02740688685875e-05,0.007308503162333099,2.238684213329981,0.06790123456790123,0.0949667616334283,0.620607787274454,0.620607787274454,0.620607787274454,0.5424501424501424,0.874688086136938,37.12,2.32555123524,909.689090909,0.0494089665094,912.0,881.0,939.0,2.09421037043,0.166966915533,0.985415355881,0.138724383352,537718.769409,60.9428060769,0.104574178569,912.397676497,0.0384964079324,914.0,885.0,942.0,2.44676327945,0.0968001139,0.989356196529,0.00306695728373,656796.528981,/home/bprovan/SATfeatPy/2006_instances/SAT-Race_TS_1/simon-mixed-s02bis-05.cnf
10749,1872,5.74198717948718,0.1741557354172481,0.0018341996432981642,0.9232758685882618,0.0005581914596706671,0.01274537166248023,2.5722148202733526,0.0018341996432981642,0.551651995588647,0.0010683760683760685,0.01282051282051282,1.6131278114165348,0.0022251125725867562,0.724369489232412,0.0005581914596706671,0.007256488975718672,0.4451917605141161,0.8547623579486656,0.0,1.0,1.8562623762323354,0.1358788906445979,0.7753889961995187,0.0,0.6666666666666667,2.512113662141534,0.10535899662161895,0.4138059354358545,0.23099823239371103,0.6448041678295655,0.5304679505070239,0.000657236650119709,1.087941902328284,0.00018606381989022235,0.005209786956926226,1.8141326501252024,0.0010683760683760685,0.00641025641025641,0.027777777777777776,0.029914529914529916,0.029914529914529916,0.17586588153448618,0.478938967015035,43.3680884676,0.280663667375,580.09478673,0.0320535754337,579.0,556.0,603.0,1.03981577494,0.194262243902,0.900537937732,0.0130322395652,426879.878328,86.1619433198,0.115875811001,580.260121457,0.0316965063991,580.0,556.0,604.0,1.16921839268,0.143755413558,0.92632875255,0.0104018163692,1104579.21232,/home/bprovan/SATfeatPy/2006_instances/SAT-Race_TS_1/hoons-vbmc-s04-05.cnf
4556496,81160,56.14213898472154,0.01781193267809299,3.957579393722913e-05,3.379771872322621,1.5362682201410908e-06,0.004347200129222104,5.230374839240906,3.957579393722913e-05,2.816795828532012,2.464268112370626e-05,0.004337111877772301,0.7404673103413436,6.166463060235841e-05,2.3481052350866363,1.5362682201410908e-06,0.0033014404050832045,0.8348188811634395,0.38507013370186416,0.0,1.0,0.8946055570743865,0.5140761270013651,0.6366339985620569,0.0,0.9848484848484849,4.03562124752142,0.3272783402981748,0.829273195894389,0.11132435977119261,0.9405975556655817,0.9403482412801416,2.454506486925496e-05,2.4636573651976743,0.0,0.0011252067378090533,5.065351592148521,0.0,0.0,0.0,0.0,0.0,0.2116190241498275,0.2116190241498275,51176.0,0.0,0.0,0.0,0.0,0.0,0.0,120.0350788,0.0,1.05418683744,0.0,29702043.59,49989.0,0.0,0.0,0.0,0.0,0.0,0.0,116.518057589,0.0,1.05234548923,0.0,24666403.5007,/home/bprovan/SATfeatPy/2006_instances/SAT-Race_TS_1/velev-pipe-1.1-05.cnf
96849,729,132.85185185185185,0.007527181488709228,0.003595516961684914,0.00483442594229461,0.0035002942725273363,0.0036035477908909746,0.7048999366124733,0.003595516961684914,0.28800395020064057,0.0027434842249657062,0.037037037037037035,0.6742007285139904,0.001983827269696108,0.08211402691498745,0.0010635112391454739,0.002054745015436401,0.5943685531084472,0.5481892551272848,0.0,1.0,0.6759680318599572,0.5245745842882644,0.0033912088551865897,0.518840579710145,0.5339233038348082,0.020823870325710765,0.0017789419754441864,0.3922497909116253,0.607192640089211,0.9994424310008364,0.9994424310008364,0.003574866258012186,0.004862352664682696,0.0034796435688546085,0.0035828970872182468,0.7048999366124733,0.0013717421124828531,0.0013717421124828531,0.0013717421124828531,0.0013717421124828531,0.0013717421124828531,0.6903292181069959,0.8368235858976111,18.48,0.148271951744,347.26,0.0694818319197,348.5,330.0,364.0,43.0039907442,0.0866846733048,0.999520484882,0.000280564006139,570976.029424,22.7120418848,1.49611640023,347.981675393,0.0645608895229,350.5,331.0,365.0,45.3333664221,0.0652782302426,0.999778822773,0.00239424589897,596447.762344,/home/bprovan/SATfeatPy/2006_instances/SAT-Race_TS_1/grieu-vmpc-s05-27r.cnf
109121,15176,7.190366367949394,0.1390749718202729,0.00022038860325658714,1.4103418514150903,5.4984833350134255e-05,0.004417114945794118,3.513867846989872,0.00022038860325658714,0.726498244987666,0.00013178703215603585,0.0021085925144965737,1.50855921637257,0.0002219791634727646,1.1119441538267176,3.665655556675617e-05,0.0031982844731994757,0.3489601644469272,1.097031257225093,0.0,1.0,1.8015083951632849,0.19206390941765536,0.8547040057387549,0.0,0.875,3.413118988788128,0.16415779273711542,0.5613676560881957,0.18933110950229562,0.7506987655904913,0.6557307942559177,0.00010838333348542487,1.0530539377205008,9.164138891689042e-06,0.001493754639345314,3.1494740012597187,0.0019768054823405376,0.011794939377965209,0.2051924090669478,0.2051924090669478,0.2051924090669478,0.05879898084695133,0.1856108378359619,527.411764706,0.482231726187,4720.35294118,0.25795388023,5014.0,4921.0,5060.0,1.50007014267,0.354201450753,0.953405818517,0.0365860508306,12019147.3465,1241.525,2.32339189509,4885.125,0.162685431085,5011.5,4919.0,5085.0,2.11173044992,3.29412371124,11.5343126063,5.79692495549,22243838.4537,/home/bprovan/SATfeatPy/2006_instances/SAT-Race_TS_1/stric-bmc-ibm-12.cnf
62239,5049,12.326995444642504,0.0811227686820161,0.0006413154874068827,2.21712143765536,0.00011246967335593438,0.022477867574993173,3.939747811152662,0.0006413154874068827,1.109683148040412,0.0003961180431768667,0.009308774014656367,1.1550079184764668,0.0008635881225698656,1.5991124447849714,8.033548096852455e-05,0.020067803145937434,0.5429583255451236,0.8267963914903482,0.0,1.0,1.600442711449073,0.3439066536057595,0.6469342666885644,0.0,0.8857142857142857,3.9990580700079015,0.22248499875976013,0.7405163964716657,0.09972846607432638,0.8402448625459921,0.8223943186747859,0.00034403761213979507,1.8251813953808336,3.2134192387409824e-05,0.010331142852552258,3.582168674686312,0.0,0.0,0.0,0.0,0.0,0.22267928150281094,0.721390287241406,119.064516129,2.84137430124,1963.25806452,0.186617822388,2025.0,1972.0,2082.0,3.22990350529,0.803752807918,0.980298608599,0.0336685043305,61167.2712782,320.341463415,0.610909740243,1977.34146341,0.160994717954,2018.0,1983.0,2074.0,4.42785472198,0.316485173381,0.995424987296,0.0219232092089,60192.1562084,/home/bprovan/SATfeatPy/2006_instances/SAT-Race_TS_1/velev-eng-uns-1.0-04.cnf
176978,27927,6.337164750957855,0.15779927448609432,0.00012183719014780133,5.008313897379599,5.650419826193086e-05,0.04057001435206636,1.8959797248942534,0.00012183719014780133,1.02388048755886,7.161528270132846e-05,0.017653167185877467,1.0555931865878776,0.00011357532015880257,3.689697267280899,3.390251895715852e-05,0.010357219541411927,0.5024897782224353,0.7281174615473568,0.0,1.0,1.2677607079470925,0.17093268308954504,0.5303640190998787,0.0,0.6666666666666667,2.004198750249041,0.09065654479889698,0.22822045677993874,0.46744793138130164,0.6956683881612403,0.2613319169614302,3.0796376329174266e-05,4.842091698891091,5.650419826193086e-06,0.009085875080518483,1.4571751900027852,7.161528270132846e-05,0.0004296916962079708,0.0004296916962079708,0.0004296916962079708,0.0004296916962079708,0.031428878351211574,0.06646588051269174,1273.33333333,1.5511885415,5277.33333333,0.866034545898,7895.0,0.0,7895.0,1.26708848842,0.773435601115,0.961405758896,0.20347712578,1992359.11904,2237.4,0.863774962169,6471.2,0.559076336446,8071.0,0.0,8115.0,0.946176268129,1.02782169366,0.99662774023,0.20358165341,2301911.25442,/home/bprovan/SATfeatPy/2006_instances/SAT-Race_TS_1/goldb-heqc-desmul.cnf
15894,2345,6.777825159914713,0.14753995218321378,0.001681448766521703,1.1242382846510137,0.00044041776771108597,0.01868629671574179,3.523717882765257,0.0016814487665217032,0.5755008508709119,0.0008528784648187633,0.014498933901918977,1.711827276417337,0.0013782674826267735,0.9874684609516649,0.0003145841197936328,0.012709198439662766,0.37011983015013594,0.7521825010677441,0.0,1.0,1.8346938968613087,0.20616131088261788,0.8429539352454898,0.0,0.8909090909090909,3.3946948585188363,0.17378448830387155,0.16081540203850508,0.3968164087076884,0.5576318107461935,0.5426576066440166,0.0006860750982723228,1.1749287922674196,0.0,0.00968919088964389,2.968886881208503,0.0,0.055863539445628996,0.055863539445628996,0.0673773987206823,0.0673773987206823,0.09995854063018242,0.24726229211025916,55.9423631124,0.493216924035,642.544668588,0.0628108822373,644.0,617.0,673.0,0.953198740981,0.250189247753,0.884138765528,0.0343090167401,226913.400539,105.059770115,0.102929205517,643.67816092,0.0315688621801,643.0,619.0,669.0,0.818305214178,0.165327777663,0.910373466605,0.0117384764331,784657.062262,/home/bprovan/SATfeatPy/2006_instances/SAT-Race_TS_1/manol-pipe-c7_i.cnf
30568,6708,4.5569469290399525,0.21944517142109396,0.0006271490353110896,1.5520169077057246,0.0002289976445956556,0.009356189479193928,1.7133314137460216,0.0006271490353110896,1.2629597713485665,0.0002981514609421586,0.004472271914132379,1.1608730423652163,0.0010177705605512767,1.5268758629906343,0.0002289976445956556,0.01681496990316671,0.4978609089667601,0.6907940549644304,0.0,1.0,1.4571510698784247,0.4117575338058356,0.6751168015017058,0.0,0.6666666666666667,1.7182667658954305,0.2779844292172262,0.1826419785396493,0.6278133996336037,0.8104553781732531,0.6058950536508767,0.00024652018776441336,2.0137447120297436,6.542789845590159e-05,0.0034676786181627845,1.2362567396972697,0.0,0.0,0.0,0.0,0.0,0.13073941562313654,0.30460637452025324,193.589041096,0.0570416539843,2288.76712329,0.0142697281307,2291.0,2245.0,2328.0,0.804622067829,0.087940108119,0.938191986112,0.00606866130953,373868.372972,257.352112676,0.265592958782,2269.56338028,0.0854219631618,2283.0,2246.0,2322.0,0.675916614358,0.215492754636,0.955498309255,0.0364609996654,2108639.8643,/home/bprovan/SATfeatPy/2006_instances/SAT-Race_TS_1/hoons-vbmc-s04-07.cnf
45259,6063,7.464786409368299,0.1339623058397225,0.0006571665664918585,1.2354433293305909,0.00015466537042356217,0.007843743785766367,3.38425528223881,0.0006571665664918585,0.4502463028855316,0.00032986970146792015,0.004783110671284842,1.6693585338555277,0.000513160610513972,1.1417464175632268,0.0001104752645882587,0.005302812700236417,0.356511353698617,0.751967363122386,0.0,1.0,1.7799433749760392,0.19643058014464782,0.8156662180775734,0.0,0.9365079365079365,3.1545665187799132,0.16022178842136858,0.13303431361718113,0.38600057447137587,0.519034888088557,0.5147042577166973,0.0002604760023655081,1.3563902583542027,0.0,0.0033363529905654126,2.891802815030316,0.0,0.0,0.0004948045522018803,0.0008246742536698004,0.0008246742536698004,0.08418468822462187,0.22594631983485894,161.084507042,0.177292561421,1666.94366197,0.0185548097784,1668.0,1631.0,1700.0,0.880751959699,0.209475812051,0.885807103047,0.00897255416525,1171591.10181,255.91,0.161023618559,1670.71,0.0223605689769,1672.5,1622.0,1716.0,0.660907339563,0.277333013797,0.905721057012,0.0114406491595,5005905.41845,/home/bprovan/SATfeatPy/2006_instances/SAT-Race_TS_1/manol-pipe-c6n.cnf
42101,5651,7.450185807821624,0.13422484026507683,0.0007016059429282124,1.2079651711330253,0.00016626683451699485,0.009595971592123703,3.3576336238485953,0.0007016059429282124,0.43231504386520014,0.00035391966023712616,0.0031852769421341354,1.7058387572858968,0.0005684436812720475,1.1051687188166688,0.00011876202465499632,0.009334695137882711,0.3607136715952072,0.7699937778428296,0.0,1.0,1.8561914946552982,0.20874055072521697,0.7303169692267057,0.0,0.948051948051948,3.187081168696212,0.1524467663603539,0.1550081945797012,0.3790883826987482,0.5340965772784494,0.5397734020569582,0.00028932875480894255,1.355384304553846,0.0,0.004988005035509845,2.929005863231236,0.0,0.0028313572818970093,0.0056627145637940185,0.0056627145637940185,0.0056627145637940185,0.1024007550286085,0.32146658690094165,135.136986301,0.497808308518,1544.90410959,0.121534463699,1568.0,1508.0,1612.0,0.906443154366,0.264084961015,0.888615189377,0.0401521509827,1099209.89252,253.256880734,0.658119532977,1551.52293578,0.0995111891842,1568.0,1512.0,1604.0,0.739253688792,0.450590883065,0.917343309711,0.102589928376,4286343.5394,/home/bprovan/SATfeatPy/2006_instances/SAT-Race_TS_1/manol-pipe-f6n.cnf
4556085,81147,56.14606824651558,0.017810686148304958,3.9576067552752836e-05,3.3794607617247077,1.5364068054042012e-06,0.0043394712785209235,5.231200089454502,3.9576067552752836e-05,2.8172959327698885,2.464662895732436e-05,0.004337806696489087,0.740001002398152,6.167483115506709e-05,2.348110857183078,1.5364068054042012e-06,0.003302177198186601,0.8348510416316576,0.38503958669942195,0.0,1.0,0.8941948736519807,0.5141526563222978,0.636461154317135,0.0,0.9849624060150376,4.036274956368677,0.32723819313811087,0.829348881770204,0.1113348412068695,0.9406837229770735,0.9404288989340629,2.4551041202996706e-05,2.463451162103899,0.0,0.0011253082416153343,5.065775020097797,0.0,0.0,0.0,0.0,0.0,0.06645963498342514,0.06645963498342514,46077.0,0.0,0.0,0.0,0.0,0.0,0.0,100.982309222,0.0,1.04776382733,0.0,26787320.7104,54123.0,0.0,0.0,0.0,0.0,0.0,0.0,144.13564856,0.0,1.05572876874,0.0,28359006.4436,/home/bprovan/SATfeatPy/2006_instances/SAT-Race_TS_1/velev-pipe-1.1-03.cnf
